<?xml version="1.0" encoding="UTF-8"?>
<!DOCTYPE suite SYSTEM "https://testng.org/testng-1.0.dtd">
<suite name="CrossBrowser">
  <test  name="ChromeTest">
	  <parameter name="browser" value="Chrome"></parameter>
	    <classes>
		 <class name="testcases.LoginPageTest"/>
	  </classes>
  </test> <!-- Test -->
  
  <test  name="FirefoxTest">
	  <parameter name="browser" value="Firefox"></parameter>
	    <classes>
		 <class name="testcases.LoginPageTest"/>
	  </classes>
	   </test> <!-- Test -->
</suite> <!-- Suite -->
